S.No.,Firstname,Lastname,Username,"Father Name","Mother Name",Grade,"ASAP - M","ASAP - VP","ASAP - FA","ASAP - P","ASAP - L","ASAP - BSPI","CLP - M","CLP - VP","CLP - FA","CLP - P","CLP - L","CLP - BSPI","Program Status","Created Date","Session Attempted","Session Completed"
1,"Aashi Prashant Akbari",,Aa232089Pr201016122461,,," II",34,80,99,100,45,71.6,74.55,82.98,64.53,52.59,77.44,73.18,"CLP In progress",06-02-2019,27,25
2,"Rahi Jayeshbhai Kasundra",,Ra232090Ja200916070261,,," IV",14,73,89,38,16,46,46.57,65.57,49.96,43.53,26.03,46.61,"CLP In progress",06-02-2019,37,34
3,"Rushil Jigneshbhai Nathwani",,Ru232091Ji200716011461,,," VII",69,76,8,12,46,42.2,69.63,47.76,26.29,50.13,25.33,43.96,"CLP In progress",06-02-2019,9,6
4,"Yug Dineshbhai Ramoliya",,Yu232092Di200716021161,,," VII",50,85,71,13,42,52.2,68.95,50.86,39.35,47.11,44.11,50.22,"CLP In progress",06-02-2019,23,18
5,"Chavda Daizy Jagdishbhai",,Ch232093Da200416121961,,," IX",30,27,17,55,22,30.2,64.08,63.88,54.97,56.64,25.65,56.29,"CLP In progress",06-02-2019,42,35
6,"Patel Pranjal Tejasbhai",,Pa232094Pr200716020661,,," VII",42,69,58,32,46,49.4,66.17,52.35,62.12,46.17,29.9,54.53,"CLP In progress",06-02-2019,30,26
7,"Patel Prarthana Tejasbhai",,Pa232096Pr200716020661,,," VII",62,97,74,19,31,56.6,64.68,51.51,58.34,57.89,31.03,56.1,"CLP In progress",06-02-2019,21,14
8,"Sahil Sanjaybhai Kalariya",,Sa232097Sa200616040461,,," IX",49,59,26,60,24,43.6,58.33,34.11,34.56,39.57,15.17,37.79,"CLP In progress",06-02-2019,9,6
9,"Pansara Om Kaushikbhai",,Pa232372Om200616100961,,," VII",57,80,70,9,38,50.8,55.31,51.5,49.19,63.6,34.99,53.42,"CLP In progress",06-02-2019,36,31
10,Mohini.Raval,,Mo234845.200816032061,,," VI",-,-,-,-,-,-,-,-,-,-,-,-,"ASAP Yet to Start",03-05-2019,-,-
