S.No.,Firstname,Lastname,Username,"Father Name","Mother Name",Grade,"ASAP - M","ASAP - VP","ASAP - FA","ASAP - P","ASAP - L","ASAP - BSPI","CLP - M","CLP - VP","CLP - FA","CLP - P","CLP - L","CLP - BSPI","Program Status","Created Date"
1,"Diksha Choudhary",,Di1217Ch200714020110,,," VII",-,-,-,-,-,-,-,-,-,-,-,-,"ASAP Yet to Start",07-06-2018
2,edsix.userg2,user,edsix.userg2,,," II",69,30,10,30,0,27.8,95.38,66.6,85.27,87.5,85.74,85.06,"CLP In progress",05-12-2018
3,edsix.userg3,user,edsix.userg3,,," III",16,20,40,30,0,21.2,-,-,-,-,-,-,"CLP Yet to Start",05-12-2018
4,edsix.userg4,user,edsix.userg4,,," IV",30,0,30,10,0,14,-,-,-,-,-,-,"CLP Yet to Start",05-12-2018
5,edsix.userg5,user,edsix.userg5,,," V",50,0,20,10,0,16,-,-,-,-,-,-,"CLP Yet to Start",05-12-2018
6,edsix.userg6,user,edsix.userg6,,," VI",30,20,50,20,20,28,-,-,-,-,-,-,"CLP Yet to Start",05-12-2018
7,edsix.userg7,user,edsix.userg7,,," VII",20,0,20,30,50,24,-,-,-,-,-,-,"CLP Yet to Start",05-12-2018
8,edsix.userg8,user,edsix.userg8,,," VIII",0,0,20,0,50,14,-,-,-,-,-,-,"CLP Yet to Start",05-12-2018
9,edsix.userg9,user,edsix.userg9,,," IX",40,10,20,10,20,20,-,-,-,-,-,-,"CLP Yet to Start",05-12-2018
10,edsix.userg10,user,edsix.userg10,,," X",30,10,70,0,30,28,-,-,-,-,-,-,"CLP Yet to Start",05-12-2018
11,edsix.userg11,user,edsix.userg11,,," XI",30,20,20,28,0,19.6,-,-,-,-,-,-,"CLP Yet to Start",05-12-2018
12,edsix.userg12,user,edsix.userg12,,," XII",60,20,40,30,60,42,-,-,-,-,-,-,"CLP Yet to Start",05-12-2018
13,edsix.userg1,user,edsix.userg1,,," I",30,50,50,30,30,38,34.25,54.5,49.5,59.5,90,67.5,"CLP In progress",05-12-2018
