S.No.,Firstname,Username,Grade,"Initial Assessment - Memory","Initial Assessment - Visual Processing","Initial Assessment - Focus and attention","Initial Assessment - Problem Solving","Initial Assessment - Linguistics","Initial Assessment - BSPI","Detailed Assessment - Memory","Detailed Assessment - Visual Processing","Detailed Assessment - Focus and attention","Detailed Assessment - Problem Solving","Detailed Assessment - Linguistics","Detailed Assessment - BSPI","Intermediate  Assessment - Memory","Intermediate  Assessment - Visual Processing","Intermediate Assessment - Focus and attention","Intermediate Assessment - Problem Solving","Intermediate Assessment - Linguistics","Intermediate Assessment - BSPI","Post Assessment - Memory","Post Assessment - Visual Processing","Post Assessment - Focus and attention","Post Assessment - Problem Solving","Post Assessment - Linguistics","Post Assessment - BSPI","Program Status","Created Date"
1,"Dhanvin Shailesh Vora",Dh230824Sh2009160707212," IV",48,24,70,24,32,39.6,33.5,52.05,38.38,17.31,21.45,33.43,-,-,-,-,-,33.43,-,-,-,-,-,0,"Personalized Training - C2",07-12-2018
2,"Miloni S Gandhi",Mi230825S2005161221212," VIII",0,0,24,2,51,15.4,38.88,37.81,38.13,20.88,25.13,32.23,-,-,-,-,-,32.23,-,-,-,-,-,0,"Personalized Training - C3",07-12-2018
3,"Vraj Mayur Gandhi",Vr230826Ma2004160520212," IX",51,71,41,31,59,50.6,57.94,43.42,30.6,60.25,34.56,45.98,-,-,-,-,-,45.98,-,-,-,-,-,0,"Personalized Training - C1",07-12-2018
4,"DHRUV AMITBHAI GAJJAR",DH230828AM2007160507212," V",45,62,95,34,2,47.6,35.83,40.67,47.17,22.17,26.5,34.63,-,-,-,-,-,34.63,-,-,-,-,-,0,"Detailed Assessment Skill Index",07-12-2018
5,"Khushi pratiksha Warke",Kh230829pr2004160929212," X",38,45,60,2,6,30.2,67,33.5,52.25,51.25,33,48.9,-,-,-,-,-,48.9,-,-,-,-,-,0,"Detailed Assessment Skill Index",07-12-2018
6,"Nishi pratiksha Warke",Ni230830pr2011160428212," II",60,34,98,76,38,61.2,73.13,71.63,46.63,53.38,65.29,62.63,-,-,-,-,-,62.63,-,-,-,-,-,0,"Personalized Training - C1",07-12-2018
7,"rushil gir tolia",ru230840gi2007160210212," IV",80,99,100,8,71,71.6,-,-,-,-,-,-,-,-,-,-,-,0,-,-,-,-,-,0,"Detailed Assessment Skill Index Yet to start",07-12-2018
8,"JAHANVI Sandip DABHI",JA230842Sa2007161213212," VI",21,39,74,65,47,49.2,50,23,40,96,4,42.6,-,-,-,-,-,42.6,-,-,-,-,-,0,"Detailed Assessment Skill Index",07-12-2018
9,"ananya jatin patel",an230851ja2004161125212," VIII",-,-,-,-,-,-,-,-,-,-,-,-,-,-,-,-,-,0,-,-,-,-,-,0,"Initial Assessment Yet to Start",07-12-2018
10,"Vrushti M Thakkar",Vr230933M2011160312212," II",45,86,86,68,7,58.4,56.56,65.06,34.13,39.56,29.56,46.3,-,-,-,-,-,46.3,-,-,-,-,-,0,"Personalized Training - C8",07-12-2018
11,"Dhvija Jitendra Patel",Dh230939Ji2009160124212," IV",23,47,70,55,10,41,34.5,65.69,46.38,31.06,15.5,39.18,-,-,-,-,-,39.18,-,-,-,-,-,0,"Personalized Training - C7",07-12-2018
12,"TITHI JIGNESH PARIKH",TI230982JI2006160609212," VIII",20,68,22,0,25,27,70,58.58,64.83,44.67,34,54.73,-,-,-,-,-,54.73,-,-,-,-,-,0,"Detailed Assessment Skill Index",04-01-2019
13,"Advait milind Trivedi",Ad231031mi2011160521212," III",22,63,85,63,29,52.4,31.63,32.5,36.13,46.75,22.13,33.55,-,-,-,-,-,33.55,-,-,-,-,-,0,"Detailed Assessment Skill Index",04-01-2019
14,"Satyaki SANDEEP Vasava",Sa231383SA2005161018212," VIII",10,12,10,0,34,13.2,18.5,3,21,29,4.5,21,-,-,-,-,-,21,-,-,-,-,-,0,"Detailed Assessment Skill Index",04-01-2019
15,"VRAJ JIGNESH PARIKH",VR231455JI2011161210212," II",50,49,100,77,50,65.2,58.5,84.88,69.25,54.06,57.56,65.18,-,-,-,-,-,65.18,-,-,-,-,-,0,"Personalized Training - C2",04-01-2019
16,"Janmesh Bharat Raninga",Ja231663Bh2011160908212," II",75,34,98,88,39,66.8,58.63,76.44,70.38,50.88,62.88,64.68,-,-,-,-,-,64.68,-,-,-,-,-,0,"Personalized Training - C1",04-01-2019
17,"Sparsh P Patel",Sp231664P2011161105212," I",42,78,16,31,78,49,48.86,67.86,29.43,39.71,60.57,49.4,-,-,-,-,-,49.4,-,-,-,-,-,0,"Detailed Assessment Skill Index",04-01-2019
18,"Krisha Murlidhar Trivedi",Kr232130Mu2005160705212," VIII",10,82,35,0,52,35.8,-,-,-,-,-,-,-,-,-,-,-,0,-,-,-,-,-,0,"Detailed Assessment Skill Index Yet to start",06-02-2019
19,"Lai Hemant Suthar",La234564He2011160530212," III",-,-,-,-,-,-,50.54,70.76,59.18,54.61,46.5,70.43,30,30,29,60,70,70.43,-,-,-,-,-,43.8,"Initial Assessment Yet to Start",03-05-2019
20,"Shitanshu Demo",Sh1858De201420050723," VI",10,-,49,-,-,11.8,-,-,-,-,-,-,-,-,-,-,-,0,-,-,-,-,-,0,"Initial Assessment In progress",24-05-2019
